{
  "place_static_feats": {
    "Kazhakkoottam": [
      2.049382583704434,
      -2.8867212524172636,
      0.4846,
      0.3001
    ],
    "Manacaud": [
      -1.4865111645984102,
      0.5377647638625526,
      0.4846,
      0.2002
    ],
    "Vellayambalam": [
      -0.4304769864235088,
      -0.08174024410745036,
      0.4001,
      0.1003
    ],
    "Nalanchira": [
      0.4580483221098583,
      -0.9507681025102401,
      0.4001,
      0.1003
    ],
    "Pattom": [
      0.11938908566061315,
      0.030114826776107304,
      0.4001,
      0.1003
    ],
    "East Fort": [
      -0.7145137653809465,
      0.3656800394267803,
      0.4846,
      0.3001
    ],
    "Petta": [
      -0.9111546123514405,
      0.1892931968793495,
      0.4846,
      0.3001
    ],
    "Ulloor": [
      0.18129453748470906,
      0.3828885118703575,
      0.4846,
      0.3001
    ],
    "Vanchiyoor": [
      -0.6671743022213628,
      0.2280122598775511,
      0.4846,
      0.2002
    ],
    "Thycaud": [
      -0.22655314512079106,
      0.004302118110435781,
      0.4846,
      0.2002
    ],
    "Vattiyoorkavu": [
      1.2191212298289864,
      1.174478244276744,
      0.4001,
      0.1003
    ],
    "Chackai": [
      -1.1332859394847823,
      0.5076499370864452,
      0.4846,
      0.3001
    ],
    "Sreekaryam": [
      0.35244490429235525,
      -0.5678795906392712,
      0.4001,
      0.1003
    ],
    "Peroorkkada": [
      1.1899892525000266,
      1.0669252915042335,
      0.4001,
      0.1003
    ]
  },
  "areas_order": [
    "Kazhakkoottam",
    "Manacaud",
    "Vellayambalam",
    "Nalanchira",
    "Pattom",
    "East Fort",
    "Petta",
    "Ulloor",
    "Vanchiyoor",
    "Thycaud",
    "Vattiyoorkavu",
    "Chackai",
    "Sreekaryam",
    "Peroorkkada"
  ],
  "norm_constants": {
    "lat_mean": 8.512321428571429,
    "lat_std": 0.027461222410223095,
    "lon_mean": 76.9402,
    "lon_std": 0.0232443541532146
  },
  "feature_names": [
    "lat_norm",
    "lon_norm",
    "flood_freq",
    "high_freq",
    "phase1_risk"
  ],
  "num_features": 5,
  "num_classes": 3
}